File Name,Created,Last Modified,Size (bytes),Directory Path
P1010051.JPG,Mon Aug  2 10:19:26 2021,Thu Dec 31 23:14:34 2009,794420,E:\picture\100OLYMP
P1010052.JPG,Mon Aug  2 10:19:26 2021,Thu Dec 31 23:20:02 2009,829406,E:\picture\100OLYMP
P1010053.JPG,Mon Aug  2 10:19:26 2021,Thu Dec 31 23:20:10 2009,929109,E:\picture\100OLYMP
P1010054.JPG,Mon Aug  2 10:19:26 2021,Thu Dec 31 23:35:18 2009,800126,E:\picture\100OLYMP
P1010057.JPG,Mon Aug  2 10:19:26 2021,Fri Jan  1 03:04:52 2010,713543,E:\picture\100OLYMP
P1010058.JPG,Mon Aug  2 10:19:26 2021,Fri Jan  1 03:04:56 2010,909323,E:\picture\100OLYMP
P1010060.JPG,Mon Aug  2 10:19:26 2021,Fri Jan  1 03:05:08 2010,930975,E:\picture\100OLYMP
P1010061.JPG,Mon Aug  2 10:19:26 2021,Fri Jan  1 03:05:14 2010,798477,E:\picture\100OLYMP
P1010062.JPG,Mon Aug  2 10:19:26 2021,Fri Jan  1 03:27:12 2010,807871,E:\picture\100OLYMP
P1010063.JPG,Mon Aug  2 10:19:26 2021,Fri Jan  1 03:27:50 2010,819400,E:\picture\100OLYMP
P1010064.JPG,Mon Aug  2 10:19:26 2021,Fri Jan  1 03:28:20 2010,586420,E:\picture\100OLYMP
P1010065.JPG,Mon Aug  2 10:19:26 2021,Fri Jan  1 05:35:12 2010,898721,E:\picture\100OLYMP
P1010066.JPG,Mon Aug  2 10:19:26 2021,Fri Jan  1 05:35:30 2010,927274,E:\picture\100OLYMP
P1010067.JPG,Mon Aug  2 10:19:26 2021,Fri Jan  1 05:38:24 2010,666030,E:\picture\100OLYMP
P1010069.JPG,Mon Aug  2 10:19:26 2021,Fri Jan  1 05:39:24 2010,749190,E:\picture\100OLYMP
P1010070.JPG,Mon Aug  2 10:19:26 2021,Fri Jan  1 05:39:32 2010,702729,E:\picture\100OLYMP
P1010071.JPG,Mon Aug  2 10:19:26 2021,Fri Jan  1 07:51:42 2010,622098,E:\picture\100OLYMP
P5210073.JPG,Mon Aug  2 10:19:26 2021,Thu May 20 23:06:04 2010,623826,E:\picture\100OLYMP
P5210074.JPG,Mon Aug  2 10:19:26 2021,Thu May 20 23:43:18 2010,736639,E:\picture\100OLYMP
P5210075.JPG,Mon Aug  2 10:19:26 2021,Thu May 20 23:46:34 2010,771370,E:\picture\100OLYMP
P5210077.JPG,Mon Aug  2 10:19:26 2021,Thu May 20 23:51:02 2010,830459,E:\picture\100OLYMP
P5210078.JPG,Mon Aug  2 10:19:26 2021,Thu May 20 23:51:16 2010,728467,E:\picture\100OLYMP
P5210079.JPG,Mon Aug  2 10:19:26 2021,Thu May 20 23:52:52 2010,793790,E:\picture\100OLYMP
P5210082.JPG,Mon Aug  2 10:19:26 2021,Thu May 20 23:58:38 2010,835796,E:\picture\100OLYMP
P5210083.JPG,Mon Aug  2 10:19:26 2021,Fri May 21 00:00:44 2010,696793,E:\picture\100OLYMP
P5210084.JPG,Mon Aug  2 10:19:26 2021,Fri May 21 00:05:56 2010,758816,E:\picture\100OLYMP
P5210085.JPG,Mon Aug  2 10:19:26 2021,Fri May 21 00:06:18 2010,850827,E:\picture\100OLYMP
P5210086.JPG,Mon Aug  2 10:19:26 2021,Fri May 21 00:06:30 2010,793239,E:\picture\100OLYMP
P5210087.JPG,Mon Aug  2 10:19:26 2021,Fri May 21 00:06:42 2010,816708,E:\picture\100OLYMP
P5210091.JPG,Mon Aug  2 10:19:26 2021,Fri May 21 00:08:08 2010,932764,E:\picture\100OLYMP
P5210093.JPG,Mon Aug  2 10:19:26 2021,Fri May 21 00:08:28 2010,760058,E:\picture\100OLYMP
P5210094.JPG,Mon Aug  2 10:19:26 2021,Fri May 21 00:20:38 2010,721514,E:\picture\100OLYMP
P5210095.JPG,Mon Aug  2 10:19:26 2021,Fri May 21 00:20:52 2010,746088,E:\picture\100OLYMP
P5210096.JPG,Mon Aug  2 10:19:26 2021,Fri May 21 00:29:10 2010,647114,E:\picture\100OLYMP
P5210097.JPG,Mon Aug  2 10:19:26 2021,Fri May 21 00:29:34 2010,714259,E:\picture\100OLYMP
P5210098.JPG,Mon Aug  2 10:19:26 2021,Fri May 21 00:30:28 2010,696288,E:\picture\100OLYMP
P5210099.JPG,Mon Aug  2 10:19:26 2021,Fri May 21 00:30:50 2010,840419,E:\picture\100OLYMP
P5210100.JPG,Mon Aug  2 10:19:26 2021,Fri May 21 00:32:18 2010,724358,E:\picture\100OLYMP
P5210101.JPG,Mon Aug  2 10:19:26 2021,Fri May 21 00:32:44 2010,771708,E:\picture\100OLYMP
P5210102.JPG,Mon Aug  2 10:19:26 2021,Fri May 21 04:15:24 2010,712219,E:\picture\100OLYMP
P5210103.JPG,Mon Aug  2 10:19:26 2021,Fri May 21 04:15:40 2010,687824,E:\picture\100OLYMP
P5210104.JPG,Mon Aug  2 10:19:26 2021,Fri May 21 04:15:46 2010,700558,E:\picture\100OLYMP
P5210105.JPG,Mon Aug  2 10:19:26 2021,Fri May 21 04:26:18 2010,695199,E:\picture\100OLYMP
P5210106.JPG,Mon Aug  2 10:19:26 2021,Fri May 21 04:26:24 2010,724322,E:\picture\100OLYMP
P5210109.JPG,Mon Aug  2 10:19:26 2021,Fri May 21 05:40:42 2010,736607,E:\picture\100OLYMP
P5210111.JPG,Mon Aug  2 10:19:26 2021,Fri May 21 07:04:10 2010,802808,E:\picture\100OLYMP
P5210112.JPG,Mon Aug  2 10:19:26 2021,Fri May 21 07:04:20 2010,842100,E:\picture\100OLYMP
P6060114.JPG,Mon Aug  2 10:19:26 2021,Sun Jun  6 19:40:16 2010,818019,E:\picture\100OLYMP
P6060116.JPG,Mon Aug  2 10:19:26 2021,Sun Jun  6 20:34:36 2010,799028,E:\picture\100OLYMP
P6060117.JPG,Mon Aug  2 10:19:26 2021,Sun Jun  6 20:34:48 2010,808040,E:\picture\100OLYMP
P6060118.JPG,Mon Aug  2 10:19:26 2021,Sun Jun  6 20:35:00 2010,724864,E:\picture\100OLYMP
P6120121.JPG,Mon Aug  2 10:19:26 2021,Sat Jun 12 03:10:52 2010,858593,E:\picture\100OLYMP
P6120122.JPG,Mon Aug  2 10:19:27 2021,Sat Jun 12 03:12:24 2010,677563,E:\picture\100OLYMP
P6120124.JPG,Mon Aug  2 10:19:27 2021,Sat Jun 12 03:12:44 2010,902108,E:\picture\100OLYMP
P6120125.JPG,Mon Aug  2 10:19:27 2021,Sat Jun 12 06:32:38 2010,718554,E:\picture\100OLYMP
P6120126.JPG,Mon Aug  2 10:19:27 2021,Sat Jun 12 06:32:54 2010,788879,E:\picture\100OLYMP
P6220311.JPG,Mon Aug  2 10:19:27 2021,Wed Jun 22 15:50:18 2011,4222506,E:\picture\100OLYMP
P6220312.JPG,Mon Aug  2 10:19:27 2021,Wed Jun 22 15:50:56 2011,3939647,E:\picture\100OLYMP
P6220314.JPG,Mon Aug  2 10:19:27 2021,Wed Jun 22 16:08:54 2011,4200611,E:\picture\100OLYMP
P6220315.JPG,Mon Aug  2 10:19:27 2021,Wed Jun 22 16:09:16 2011,4003655,E:\picture\100OLYMP
P6220316.JPG,Mon Aug  2 10:19:27 2021,Wed Jun 22 16:23:34 2011,4275464,E:\picture\100OLYMP
P6220317.JPG,Mon Aug  2 10:19:27 2021,Wed Jun 22 16:23:44 2011,4470340,E:\picture\100OLYMP
P6220318.JPG,Mon Aug  2 10:19:27 2021,Wed Jun 22 16:24:10 2011,4096756,E:\picture\100OLYMP
P6220319.JPG,Mon Aug  2 10:19:27 2021,Wed Jun 22 16:31:16 2011,4458366,E:\picture\100OLYMP
P6220320.JPG,Mon Aug  2 10:19:27 2021,Thu Jun 23 17:00:02 2011,3286350,E:\picture\100OLYMP
P6220321.JPG,Mon Aug  2 10:19:27 2021,Thu Jun 23 16:59:30 2011,3406227,E:\picture\100OLYMP
P6220322.JPG,Mon Aug  2 10:19:27 2021,Thu Jun 23 16:59:10 2011,3418998,E:\picture\100OLYMP
P6220323.JPG,Mon Aug  2 10:19:27 2021,Thu Jun 23 16:58:00 2011,3593707,E:\picture\100OLYMP
P6220324.JPG,Mon Aug  2 10:19:27 2021,Thu Jun 23 16:57:12 2011,3413503,E:\picture\100OLYMP
P6220325.JPG,Mon Aug  2 10:19:27 2021,Thu Jun 23 16:56:08 2011,4111871,E:\picture\100OLYMP
P6220326.JPG,Mon Aug  2 10:19:27 2021,Thu Jun 23 16:54:52 2011,3555017,E:\picture\100OLYMP
P6220327.JPG,Mon Aug  2 10:19:27 2021,Thu Jun 23 16:53:52 2011,3310980,E:\picture\100OLYMP
P6220328.JPG,Mon Aug  2 10:19:27 2021,Wed Jun 22 16:38:02 2011,4297196,E:\picture\100OLYMP
P6220329.JPG,Mon Aug  2 10:19:27 2021,Wed Jun 22 16:38:26 2011,4285087,E:\picture\100OLYMP
P6220330.JPG,Mon Aug  2 10:19:27 2021,Wed Jun 22 16:38:50 2011,4373224,E:\picture\100OLYMP
P6220331.JPG,Mon Aug  2 10:19:27 2021,Wed Jun 22 16:40:02 2011,4404069,E:\picture\100OLYMP
P6220332.JPG,Mon Aug  2 10:19:27 2021,Wed Jun 22 17:16:26 2011,4490469,E:\picture\100OLYMP
P6220333.JPG,Mon Aug  2 10:19:27 2021,Wed Jun 22 17:16:40 2011,4549542,E:\picture\100OLYMP
P6220334.JPG,Mon Aug  2 10:19:27 2021,Wed Jun 22 17:17:06 2011,3908390,E:\picture\100OLYMP
P6220335.JPG,Mon Aug  2 10:19:27 2021,Wed Jun 22 17:17:32 2011,4206619,E:\picture\100OLYMP
P6220336.JPG,Mon Aug  2 10:19:27 2021,Wed Jun 22 17:17:54 2011,4438074,E:\picture\100OLYMP
P6220337.JPG,Mon Aug  2 10:19:27 2021,Wed Jun 22 17:18:04 2011,4326028,E:\picture\100OLYMP
P6220338.JPG,Mon Aug  2 10:19:27 2021,Wed Jun 22 17:22:48 2011,4234637,E:\picture\100OLYMP
P6220339.JPG,Mon Aug  2 10:19:27 2021,Wed Jun 22 17:22:58 2011,3955267,E:\picture\100OLYMP
P6220340.JPG,Mon Aug  2 10:19:27 2021,Wed Jun 22 17:23:32 2011,3907712,E:\picture\100OLYMP
P6220341.JPG,Mon Aug  2 10:19:27 2021,Wed Jun 22 17:23:42 2011,4271702,E:\picture\100OLYMP
P6220342.JPG,Mon Aug  2 10:19:27 2021,Wed Jun 22 17:24:06 2011,3944182,E:\picture\100OLYMP
P6220343.JPG,Mon Aug  2 10:19:27 2021,Wed Jun 22 17:24:24 2011,3918983,E:\picture\100OLYMP
P6220344.JPG,Mon Aug  2 10:19:27 2021,Wed Jun 22 17:24:38 2011,4019584,E:\picture\100OLYMP
P6220345.JPG,Mon Aug  2 10:19:27 2021,Wed Jun 22 17:28:10 2011,4400863,E:\picture\100OLYMP
P6220346.JPG,Mon Aug  2 10:19:27 2021,Wed Jun 22 17:28:44 2011,4091692,E:\picture\100OLYMP
P6220347.JPG,Mon Aug  2 10:19:27 2021,Wed Jun 22 17:34:00 2011,3848890,E:\picture\100OLYMP
P6220348.JPG,Mon Aug  2 10:19:27 2021,Wed Jun 22 17:34:12 2011,4266817,E:\picture\100OLYMP
P6220349.JPG,Mon Aug  2 10:19:27 2021,Wed Jun 22 17:34:32 2011,4225089,E:\picture\100OLYMP
P6220350.JPG,Mon Aug  2 10:19:27 2021,Wed Jun 22 17:34:50 2011,3915503,E:\picture\100OLYMP
P6220351.JPG,Mon Aug  2 10:19:27 2021,Wed Jun 22 18:25:04 2011,3942615,E:\picture\100OLYMP
P6220352.JPG,Mon Aug  2 10:19:27 2021,Wed Jun 22 18:44:40 2011,4136270,E:\picture\100OLYMP
P6220353.JPG,Mon Aug  2 10:19:27 2021,Wed Jun 22 18:44:50 2011,4194025,E:\picture\100OLYMP
P6220354.JPG,Mon Aug  2 10:19:27 2021,Wed Jun 22 18:45:00 2011,4223610,E:\picture\100OLYMP
P6220355.JPG,Mon Aug  2 10:19:27 2021,Wed Jun 22 18:45:10 2011,4077896,E:\picture\100OLYMP
P6250131.JPG,Mon Aug  2 10:19:27 2021,Fri Jun 25 12:42:30 2010,712591,E:\picture\100OLYMP
P6250132.JPG,Mon Aug  2 10:19:27 2021,Wed Mar 25 17:28:38 2020,907613,E:\picture\100OLYMP
P6250133.JPG,Mon Aug  2 10:19:27 2021,Wed Mar 25 17:28:44 2020,836780,E:\picture\100OLYMP
P6250134.JPG,Mon Aug  2 10:19:27 2021,Fri Jun 25 12:44:40 2010,822120,E:\picture\100OLYMP
P6250135.JPG,Mon Aug  2 10:19:28 2021,Fri Jun 25 12:44:48 2010,910217,E:\picture\100OLYMP
P6250136.JPG,Mon Aug  2 10:19:28 2021,Fri Jun 25 12:46:58 2010,902665,E:\picture\100OLYMP
P6250137.JPG,Mon Aug  2 10:19:28 2021,Fri Jun 25 12:47:10 2010,866435,E:\picture\100OLYMP
P6250138.JPG,Mon Aug  2 10:19:28 2021,Fri Jun 25 12:47:18 2010,723154,E:\picture\100OLYMP
P6250139.JPG,Mon Aug  2 10:19:28 2021,Fri Jun 25 12:47:44 2010,840609,E:\picture\100OLYMP
P6250140.JPG,Mon Aug  2 10:19:28 2021,Fri Jun 25 12:47:58 2010,927510,E:\picture\100OLYMP
P6250141.JPG,Mon Aug  2 10:19:28 2021,Fri Jun 25 12:48:12 2010,842405,E:\picture\100OLYMP
P6250142.JPG,Mon Aug  2 10:19:28 2021,Fri Jun 25 12:49:12 2010,923971,E:\picture\100OLYMP
P6250143.JPG,Mon Aug  2 10:19:28 2021,Wed Mar 25 17:29:14 2020,819230,E:\picture\100OLYMP
P6250145.JPG,Mon Aug  2 10:19:28 2021,Fri Jun 25 12:50:46 2010,838171,E:\picture\100OLYMP
P6250146.JPG,Mon Aug  2 10:19:28 2021,Fri Jun 25 12:52:28 2010,867269,E:\picture\100OLYMP
P6250147.JPG,Mon Aug  2 10:19:28 2021,Fri Jun 25 12:52:30 2010,824180,E:\picture\100OLYMP
P6250148.JPG,Mon Aug  2 10:19:28 2021,Fri Jun 25 12:52:36 2010,881631,E:\picture\100OLYMP
P6250149.JPG,Mon Aug  2 10:19:28 2021,Fri Jun 25 12:52:46 2010,899563,E:\picture\100OLYMP
P6250150.JPG,Mon Aug  2 10:19:28 2021,Fri Jun 25 12:53:54 2010,859782,E:\picture\100OLYMP
P6250151.JPG,Mon Aug  2 10:19:28 2021,Wed Mar 25 17:29:32 2020,826851,E:\picture\100OLYMP
P6250152.JPG,Mon Aug  2 10:19:28 2021,Fri Jun 25 12:54:48 2010,918433,E:\picture\100OLYMP
P6250153.JPG,Mon Aug  2 10:19:28 2021,Wed Mar 25 17:29:40 2020,822044,E:\picture\100OLYMP
P6250155.JPG,Mon Aug  2 10:19:28 2021,Fri Jun 25 12:59:54 2010,816704,E:\picture\100OLYMP
P6250156.JPG,Mon Aug  2 10:19:28 2021,Wed Mar 25 17:30:06 2020,844676,E:\picture\100OLYMP
P6250157.JPG,Mon Aug  2 10:19:28 2021,Fri Jun 25 13:00:10 2010,827781,E:\picture\100OLYMP
P6250158.JPG,Mon Aug  2 10:19:28 2021,Fri Jun 25 13:01:50 2010,764589,E:\picture\100OLYMP
P6250159.JPG,Mon Aug  2 10:19:28 2021,Fri Jun 25 13:02:00 2010,818434,E:\picture\100OLYMP
P6250160.JPG,Mon Aug  2 10:19:28 2021,Wed Mar 25 17:31:18 2020,872882,E:\picture\100OLYMP
P6250161.JPG,Mon Aug  2 10:19:28 2021,Wed Mar 25 17:31:12 2020,865615,E:\picture\100OLYMP
P6250162.JPG,Mon Aug  2 10:19:28 2021,Wed Mar 25 17:31:08 2020,844743,E:\picture\100OLYMP
P6250163.JPG,Mon Aug  2 10:19:28 2021,Wed Mar 25 17:31:04 2020,887812,E:\picture\100OLYMP
P6250165.JPG,Mon Aug  2 10:19:28 2021,Wed Mar 25 17:30:58 2020,833726,E:\picture\100OLYMP
P6250167.JPG,Mon Aug  2 10:19:28 2021,Fri Jun 25 13:35:28 2010,822802,E:\picture\100OLYMP
P6250168.JPG,Mon Aug  2 10:19:28 2021,Wed Mar 25 17:30:50 2020,913664,E:\picture\100OLYMP
P6250169.JPG,Mon Aug  2 10:19:28 2021,Wed Mar 25 17:30:44 2020,823107,E:\picture\100OLYMP
P6250170.JPG,Mon Aug  2 10:19:28 2021,Wed Mar 25 17:30:40 2020,838978,E:\picture\100OLYMP
P6250171.JPG,Mon Aug  2 10:19:28 2021,Wed Mar 25 17:30:34 2020,727881,E:\picture\100OLYMP
P6250172.JPG,Mon Aug  2 10:19:28 2021,Wed Mar 25 17:30:28 2020,825168,E:\picture\100OLYMP
P7160174.JPG,Mon Aug  2 10:19:28 2021,Fri Jul 16 08:00:16 2010,784605,E:\picture\100OLYMP
P7160176.JPG,Mon Aug  2 10:19:28 2021,Fri Jul 16 08:00:40 2010,904293,E:\picture\100OLYMP
P7160177.JPG,Mon Aug  2 10:19:28 2021,Fri Jul 16 08:03:18 2010,855871,E:\picture\100OLYMP
P7160178.JPG,Mon Aug  2 10:19:28 2021,Fri Jul 16 08:04:26 2010,875559,E:\picture\100OLYMP
P7160179.JPG,Mon Aug  2 10:19:28 2021,Fri Jul 16 08:04:38 2010,947942,E:\picture\100OLYMP
P7160180.JPG,Mon Aug  2 10:19:28 2021,Fri Jul 16 08:04:54 2010,873031,E:\picture\100OLYMP
P7160181.JPG,Mon Aug  2 10:19:28 2021,Fri Jul 16 08:05:04 2010,883381,E:\picture\100OLYMP
P7160182.JPG,Mon Aug  2 10:19:28 2021,Fri Jul 16 08:05:18 2010,950607,E:\picture\100OLYMP
P7160183.JPG,Mon Aug  2 10:19:28 2021,Fri Jul 16 08:06:02 2010,874753,E:\picture\100OLYMP
P7160184.JPG,Mon Aug  2 10:19:28 2021,Fri Jul 16 08:06:20 2010,881169,E:\picture\100OLYMP
P7160185.JPG,Mon Aug  2 10:19:28 2021,Fri Jul 16 08:06:30 2010,881352,E:\picture\100OLYMP
P7160186.JPG,Mon Aug  2 10:19:28 2021,Fri Jul 16 08:06:42 2010,879742,E:\picture\100OLYMP
P7160187.JPG,Mon Aug  2 10:19:28 2021,Fri Jul 16 08:07:46 2010,853615,E:\picture\100OLYMP
P7160188.JPG,Mon Aug  2 10:19:28 2021,Fri Jul 16 08:07:54 2010,868500,E:\picture\100OLYMP
P7160189.JPG,Mon Aug  2 10:19:28 2021,Fri Jul 16 08:08:30 2010,931123,E:\picture\100OLYMP
P7160190.JPG,Mon Aug  2 10:19:28 2021,Fri Jul 16 08:08:42 2010,895234,E:\picture\100OLYMP
P7160191.JPG,Mon Aug  2 10:19:28 2021,Fri Jul 16 08:10:08 2010,862066,E:\picture\100OLYMP
P7160192.JPG,Mon Aug  2 10:19:28 2021,Fri Jul 16 08:10:12 2010,850785,E:\picture\100OLYMP
P7160193.JPG,Mon Aug  2 10:19:28 2021,Wed Mar 25 17:31:56 2020,902469,E:\picture\100OLYMP
P7160194.JPG,Mon Aug  2 10:19:28 2021,Fri Jul 16 08:12:48 2010,769205,E:\picture\100OLYMP
P7160195.JPG,Mon Aug  2 10:19:28 2021,Fri Jul 16 08:12:58 2010,954039,E:\picture\100OLYMP
P7160196.JPG,Mon Aug  2 10:19:28 2021,Fri Jul 16 08:14:20 2010,871220,E:\picture\100OLYMP
P7160197.JPG,Mon Aug  2 10:19:28 2021,Wed Mar 25 17:32:08 2020,795926,E:\picture\100OLYMP
P7160198.JPG,Mon Aug  2 10:19:28 2021,Wed Mar 25 17:32:12 2020,878779,E:\picture\100OLYMP
P7160199.JPG,Mon Aug  2 10:19:28 2021,Fri Jul 16 08:16:42 2010,846033,E:\picture\100OLYMP
P7160200.JPG,Mon Aug  2 10:19:28 2021,Fri Jul 16 08:19:04 2010,805275,E:\picture\100OLYMP
P7160201.JPG,Mon Aug  2 10:19:28 2021,Fri Jul 16 08:19:18 2010,850038,E:\picture\100OLYMP
P7160202.JPG,Mon Aug  2 10:19:28 2021,Fri Jul 16 08:19:28 2010,927574,E:\picture\100OLYMP
P7160204.JPG,Mon Aug  2 10:19:28 2021,Fri Jul 16 08:20:00 2010,857468,E:\picture\100OLYMP
P7160205.JPG,Mon Aug  2 10:19:28 2021,Fri Jul 16 08:21:14 2010,759923,E:\picture\100OLYMP
P7160206.JPG,Mon Aug  2 10:19:28 2021,Fri Jul 16 08:21:54 2010,829462,E:\picture\100OLYMP
P7160207.JPG,Mon Aug  2 10:19:28 2021,Fri Jul 16 08:22:02 2010,896323,E:\picture\100OLYMP
P7160208.JPG,Mon Aug  2 10:19:28 2021,Fri Jul 16 08:22:42 2010,884312,E:\picture\100OLYMP
P7160209.JPG,Mon Aug  2 10:19:28 2021,Fri Jul 16 08:22:52 2010,854809,E:\picture\100OLYMP
P7160210.JPG,Mon Aug  2 10:19:28 2021,Fri Jul 16 08:23:20 2010,798565,E:\picture\100OLYMP
P7160211.JPG,Mon Aug  2 10:19:28 2021,Fri Jul 16 08:23:28 2010,718660,E:\picture\100OLYMP
P7160212.JPG,Mon Aug  2 10:19:28 2021,Fri Jul 16 08:25:42 2010,846560,E:\picture\100OLYMP
P7160213.JPG,Mon Aug  2 10:19:28 2021,Wed Mar 25 17:32:40 2020,837019,E:\picture\100OLYMP
P7160214.JPG,Mon Aug  2 10:19:28 2021,Fri Jul 16 08:27:14 2010,856647,E:\picture\100OLYMP
P7160215.JPG,Mon Aug  2 10:19:28 2021,Fri Jul 16 08:27:22 2010,947036,E:\picture\100OLYMP
P7160216.JPG,Mon Aug  2 10:19:28 2021,Fri Jul 16 08:27:40 2010,857341,E:\picture\100OLYMP
P7160217.JPG,Mon Aug  2 10:19:28 2021,Wed Mar 25 17:32:46 2020,876496,E:\picture\100OLYMP
P7160218.JPG,Mon Aug  2 10:19:28 2021,Wed Mar 25 17:32:50 2020,876067,E:\picture\100OLYMP
P7160219.JPG,Mon Aug  2 10:19:28 2021,Fri Jul 16 08:30:40 2010,877180,E:\picture\100OLYMP
P7160220.JPG,Mon Aug  2 10:19:28 2021,Fri Jul 16 08:30:52 2010,710958,E:\picture\100OLYMP
P7160222.JPG,Mon Aug  2 10:19:28 2021,Fri Jul 16 08:31:20 2010,635743,E:\picture\100OLYMP
P7160224.JPG,Mon Aug  2 10:19:28 2021,Fri Jul 16 08:32:24 2010,686151,E:\picture\100OLYMP
P7160225.JPG,Mon Aug  2 10:19:28 2021,Fri Jul 16 08:32:50 2010,707574,E:\picture\100OLYMP
P7160226.JPG,Mon Aug  2 10:19:28 2021,Fri Jul 16 08:32:54 2010,710658,E:\picture\100OLYMP
P7160227.JPG,Mon Aug  2 10:19:28 2021,Fri Jul 16 08:36:00 2010,711837,E:\picture\100OLYMP
P7160228.JPG,Mon Aug  2 10:19:28 2021,Fri Jul 16 08:45:32 2010,889069,E:\picture\100OLYMP
P7160230.JPG,Mon Aug  2 10:19:28 2021,Fri Jul 16 08:46:44 2010,854706,E:\picture\100OLYMP
P7160231.JPG,Mon Aug  2 10:19:28 2021,Fri Jul 16 08:46:54 2010,873393,E:\picture\100OLYMP
P7160232.JPG,Mon Aug  2 10:19:28 2021,Fri Jul 16 08:47:54 2010,765269,E:\picture\100OLYMP
P7160233.JPG,Mon Aug  2 10:19:28 2021,Fri Jul 16 08:52:30 2010,898643,E:\picture\100OLYMP
P7160234.JPG,Mon Aug  2 10:19:28 2021,Fri Jul 16 08:52:36 2010,913293,E:\picture\100OLYMP
P7160235.JPG,Mon Aug  2 10:19:28 2021,Fri Jul 16 08:52:54 2010,898007,E:\picture\100OLYMP
P7160236.JPG,Mon Aug  2 10:19:28 2021,Fri Jul 16 08:53:06 2010,920204,E:\picture\100OLYMP
P7160237.JPG,Mon Aug  2 10:19:28 2021,Fri Jul 16 08:53:12 2010,931716,E:\picture\100OLYMP
P7160238.JPG,Mon Aug  2 10:19:28 2021,Fri Jul 16 09:39:26 2010,851192,E:\picture\100OLYMP
P7160249.JPG,Mon Aug  2 10:19:28 2021,Fri Jul 16 12:04:52 2010,784682,E:\picture\100OLYMP
P7160250.JPG,Mon Aug  2 10:19:29 2021,Fri Jul 16 12:05:30 2010,844787,E:\picture\100OLYMP
P7160251.JPG,Mon Aug  2 10:19:29 2021,Fri Jul 16 12:05:46 2010,918115,E:\picture\100OLYMP
P7160252.JPG,Mon Aug  2 10:19:29 2021,Fri Jul 16 12:05:50 2010,904421,E:\picture\100OLYMP
P7160253.JPG,Mon Aug  2 10:19:29 2021,Fri Jul 16 12:06:06 2010,917944,E:\picture\100OLYMP
P7160254.JPG,Mon Aug  2 10:19:29 2021,Fri Jul 16 12:06:20 2010,915722,E:\picture\100OLYMP
P7160255.JPG,Mon Aug  2 10:19:29 2021,Fri Jul 16 12:06:46 2010,862669,E:\picture\100OLYMP
P7160256.JPG,Mon Aug  2 10:19:29 2021,Fri Jul 16 12:06:56 2010,862899,E:\picture\100OLYMP
P7160257.JPG,Mon Aug  2 10:19:29 2021,Fri Jul 16 12:32:18 2010,759897,E:\picture\100OLYMP
P7160259.JPG,Mon Aug  2 10:19:29 2021,Fri Jul 16 13:34:36 2010,932208,E:\picture\100OLYMP
P7160260.JPG,Mon Aug  2 10:19:29 2021,Fri Jul 16 13:35:12 2010,944977,E:\picture\100OLYMP
P8070261.JPG,Mon Aug  2 10:19:29 2021,Sat Aug  7 08:29:56 2010,789845,E:\picture\100OLYMP
P8070262.JPG,Mon Aug  2 10:19:29 2021,Sat Aug  7 08:30:02 2010,869224,E:\picture\100OLYMP
P8070263.JPG,Mon Aug  2 10:19:29 2021,Sat Aug  7 08:30:42 2010,803042,E:\picture\100OLYMP
P8070264.JPG,Mon Aug  2 10:19:29 2021,Sat Aug  7 08:37:18 2010,838475,E:\picture\100OLYMP
P8070265.JPG,Mon Aug  2 10:19:29 2021,Sat Aug  7 08:37:28 2010,855791,E:\picture\100OLYMP
P8070267.JPG,Mon Aug  2 10:19:29 2021,Sat Aug  7 08:42:28 2010,890364,E:\picture\100OLYMP
P8070268.JPG,Mon Aug  2 10:19:29 2021,Sat Aug  7 08:42:56 2010,863594,E:\picture\100OLYMP
P8070269.JPG,Mon Aug  2 10:19:29 2021,Sat Aug  7 08:43:34 2010,875590,E:\picture\100OLYMP
P8070270.JPG,Mon Aug  2 10:19:29 2021,Sat Aug  7 08:44:06 2010,871992,E:\picture\100OLYMP
P8070271.JPG,Mon Aug  2 10:19:29 2021,Sat Aug  7 08:44:18 2010,889682,E:\picture\100OLYMP
P8070272.JPG,Mon Aug  2 10:19:29 2021,Sat Aug  7 08:45:10 2010,812508,E:\picture\100OLYMP
P8070273.JPG,Mon Aug  2 10:19:29 2021,Sat Aug  7 08:46:04 2010,772137,E:\picture\100OLYMP
P8070274.JPG,Mon Aug  2 10:19:29 2021,Sat Aug  7 08:46:24 2010,846803,E:\picture\100OLYMP
P8070275.JPG,Mon Aug  2 10:19:29 2021,Sat Aug  7 08:48:02 2010,878536,E:\picture\100OLYMP
P8070276.JPG,Mon Aug  2 10:19:29 2021,Sat Aug  7 08:49:16 2010,897539,E:\picture\100OLYMP
P8070278.JPG,Mon Aug  2 10:19:29 2021,Sat Aug  7 08:52:18 2010,870926,E:\picture\100OLYMP
P8070279.JPG,Mon Aug  2 10:19:29 2021,Sat Aug  7 08:52:30 2010,872373,E:\picture\100OLYMP
P8070280.JPG,Mon Aug  2 10:19:29 2021,Sat Aug  7 08:52:52 2010,843146,E:\picture\100OLYMP
P8070281.JPG,Mon Aug  2 10:19:29 2021,Sat Aug  7 08:54:50 2010,888556,E:\picture\100OLYMP
P8070282.JPG,Mon Aug  2 10:19:29 2021,Sat Aug  7 08:55:52 2010,842971,E:\picture\100OLYMP
P8070283.JPG,Mon Aug  2 10:19:29 2021,Sat Aug  7 09:00:58 2010,809677,E:\picture\100OLYMP
P8070284.JPG,Mon Aug  2 10:19:29 2021,Sat Aug  7 09:01:08 2010,848571,E:\picture\100OLYMP
P8070285.JPG,Mon Aug  2 10:19:29 2021,Sat Aug  7 09:02:00 2010,868509,E:\picture\100OLYMP
P8070286.JPG,Mon Aug  2 10:19:29 2021,Sat Aug  7 09:02:16 2010,934191,E:\picture\100OLYMP
P8070287.JPG,Mon Aug  2 10:19:29 2021,Sat Aug  7 09:02:22 2010,871432,E:\picture\100OLYMP
P8070288.JPG,Mon Aug  2 10:19:29 2021,Sat Aug  7 09:52:50 2010,822396,E:\picture\100OLYMP
P8070289.JPG,Mon Aug  2 10:19:29 2021,Sat Aug  7 10:05:38 2010,871894,E:\picture\100OLYMP
P8070290.JPG,Mon Aug  2 10:19:29 2021,Sat Aug  7 10:05:48 2010,908705,E:\picture\100OLYMP
P8070291.JPG,Mon Aug  2 10:19:29 2021,Sat Aug  7 10:05:56 2010,895065,E:\picture\100OLYMP
P8070292.JPG,Mon Aug  2 10:19:29 2021,Sat Aug  7 10:06:08 2010,900514,E:\picture\100OLYMP
P8070293.JPG,Mon Aug  2 10:19:29 2021,Sat Aug  7 10:06:22 2010,878436,E:\picture\100OLYMP
P8070294.JPG,Mon Aug  2 10:19:29 2021,Sat Aug  7 10:06:54 2010,912415,E:\picture\100OLYMP
P8070295.JPG,Mon Aug  2 10:19:29 2021,Sat Aug  7 10:07:56 2010,871964,E:\picture\100OLYMP
P8070296.JPG,Mon Aug  2 10:19:29 2021,Sat Aug  7 10:09:54 2010,867867,E:\picture\100OLYMP
P8070297.JPG,Mon Aug  2 10:19:29 2021,Sat Aug  7 10:10:00 2010,815782,E:\picture\100OLYMP
P8070301.JPG,Mon Aug  2 10:19:29 2021,Sat Aug  7 13:19:58 2010,842678,E:\picture\100OLYMP
P8070302.JPG,Mon Aug  2 10:19:29 2021,Sat Aug  7 13:20:10 2010,929815,E:\picture\100OLYMP
P8070303.JPG,Mon Aug  2 10:19:29 2021,Sat Aug  7 13:20:16 2010,798020,E:\picture\100OLYMP
P8070304.JPG,Mon Aug  2 10:19:29 2021,Sat Aug  7 13:22:28 2010,737908,E:\picture\100OLYMP
P8070305.JPG,Mon Aug  2 10:19:29 2021,Sat Aug  7 13:24:12 2010,767554,E:\picture\100OLYMP
P8070306.JPG,Mon Aug  2 10:19:29 2021,Sat Aug  7 13:24:30 2010,794435,E:\picture\100OLYMP
P8070307.JPG,Mon Aug  2 10:19:29 2021,Sat Aug  7 13:24:40 2010,869072,E:\picture\100OLYMP
P8070308.JPG,Mon Aug  2 10:19:29 2021,Sat Aug  7 13:25:06 2010,814039,E:\picture\100OLYMP
P8070309.JPG,Mon Aug  2 10:19:29 2021,Sat Aug  7 13:25:14 2010,917843,E:\picture\100OLYMP
P8070310.JPG,Mon Aug  2 10:19:29 2021,Sat Aug  7 13:27:04 2010,885574,E:\picture\100OLYMP
PC310001.JPG,Mon Aug  2 10:19:29 2021,Wed Dec 30 21:25:24 2009,804303,E:\picture\100OLYMP
PC310002.JPG,Mon Aug  2 10:19:29 2021,Wed Dec 30 21:25:32 2009,849008,E:\picture\100OLYMP
PC310003.JPG,Mon Aug  2 10:19:29 2021,Wed Dec 30 21:25:52 2009,834317,E:\picture\100OLYMP
PC310004.JPG,Mon Aug  2 10:19:29 2021,Wed Dec 30 21:35:16 2009,813681,E:\picture\100OLYMP
PC310010.JPG,Mon Aug  2 10:19:29 2021,Thu Dec 31 01:58:36 2009,861087,E:\picture\100OLYMP
PC310011.JPG,Mon Aug  2 10:19:29 2021,Thu Dec 31 01:58:40 2009,892997,E:\picture\100OLYMP
PC310012.JPG,Mon Aug  2 10:19:29 2021,Thu Dec 31 01:58:46 2009,880100,E:\picture\100OLYMP
PC310016.JPG,Mon Aug  2 10:19:29 2021,Thu Dec 31 02:00:54 2009,753615,E:\picture\100OLYMP
PC310017.JPG,Mon Aug  2 10:19:29 2021,Thu Dec 31 02:01:16 2009,743947,E:\picture\100OLYMP
PC310018.JPG,Mon Aug  2 10:19:29 2021,Thu Dec 31 02:03:58 2009,921167,E:\picture\100OLYMP
PC310019.JPG,Mon Aug  2 10:19:29 2021,Thu Dec 31 02:04:02 2009,952302,E:\picture\100OLYMP
PC310020.JPG,Mon Aug  2 10:19:29 2021,Thu Dec 31 02:04:14 2009,945014,E:\picture\100OLYMP
PC310021.JPG,Mon Aug  2 10:19:29 2021,Thu Dec 31 02:06:02 2009,875097,E:\picture\100OLYMP
PC310022.JPG,Mon Aug  2 10:19:29 2021,Thu Dec 31 02:06:28 2009,861083,E:\picture\100OLYMP
PC310023.JPG,Mon Aug  2 10:19:29 2021,Thu Dec 31 02:08:42 2009,808564,E:\picture\100OLYMP
PC310024.JPG,Mon Aug  2 10:19:29 2021,Thu Dec 31 02:08:52 2009,876798,E:\picture\100OLYMP
PC310025.JPG,Mon Aug  2 10:19:29 2021,Thu Dec 31 02:08:56 2009,899286,E:\picture\100OLYMP
PC310026.JPG,Mon Aug  2 10:19:29 2021,Thu Dec 31 02:09:34 2009,878326,E:\picture\100OLYMP
PC310027.JPG,Mon Aug  2 10:19:29 2021,Thu Dec 31 02:09:40 2009,774193,E:\picture\100OLYMP
PC310028.JPG,Mon Aug  2 10:19:29 2021,Thu Dec 31 02:10:20 2009,864541,E:\picture\100OLYMP
PC310030.JPG,Mon Aug  2 10:19:29 2021,Thu Dec 31 02:10:36 2009,938574,E:\picture\100OLYMP
PC310031.JPG,Mon Aug  2 10:19:29 2021,Thu Dec 31 02:11:16 2009,860169,E:\picture\100OLYMP
PC310032.JPG,Mon Aug  2 10:19:29 2021,Thu Dec 31 02:11:32 2009,863465,E:\picture\100OLYMP
PC310033.JPG,Mon Aug  2 10:19:29 2021,Thu Dec 31 02:44:00 2009,884910,E:\picture\100OLYMP
PC310034.JPG,Mon Aug  2 10:19:29 2021,Thu Dec 31 02:44:08 2009,782549,E:\picture\100OLYMP
PC310036.JPG,Mon Aug  2 10:19:29 2021,Thu Dec 31 02:48:26 2009,770717,E:\picture\100OLYMP
PC310037.JPG,Mon Aug  2 10:19:29 2021,Thu Dec 31 02:48:54 2009,814858,E:\picture\100OLYMP
PC310038.JPG,Mon Aug  2 10:19:29 2021,Thu Dec 31 02:49:06 2009,865199,E:\picture\100OLYMP
PC310039.JPG,Mon Aug  2 10:19:29 2021,Thu Dec 31 02:54:14 2009,818779,E:\picture\100OLYMP
PC310040.JPG,Mon Aug  2 10:19:29 2021,Thu Dec 31 03:18:26 2009,696342,E:\picture\100OLYMP
PC310042.JPG,Mon Aug  2 10:19:29 2021,Thu Dec 31 03:18:44 2009,823518,E:\picture\100OLYMP
PC310045.JPG,Mon Aug  2 10:19:29 2021,Thu Dec 31 04:40:36 2009,723035,E:\picture\100OLYMP
PC310049.JPG,Mon Aug  2 10:19:29 2021,Thu Dec 31 05:28:18 2009,693902,E:\picture\100OLYMP
PC310050.JPG,Mon Aug  2 10:19:29 2021,Thu Dec 31 05:28:34 2009,706800,E:\picture\100OLYMP
Thumbs.db,Mon Aug  2 10:19:29 2021,Fri Dec 16 06:07:18 2011,1271808,E:\picture\100OLYMP
